{"options":{"check_for_updates":true,"comment":null,"compatopts_for_requires":true,"compat_wrappedjsobject":false,"compat_metadata":false,"compat_foreach":false,"compat_powerful_this":null,"sandbox":null,"noframes":null,"unwrap":null,"run_at":null,"tab_types":null,"override":{"use_includes":[],"orig_includes":[],"merge_includes":true,"use_matches":[],"orig_matches":["https://azure.microsoft.com/zh-cn/products/cognitive-services/text-to-speech/*"],"merge_matches":true,"use_excludes":[],"orig_excludes":[],"merge_excludes":true,"use_connects":[],"orig_connects":[],"merge_connects":true,"use_blockers":[],"orig_run_at":"document-idle","orig_noframes":null}},"settings":{"enabled":true,"position":21},"meta":{"name":"Azure Speech 翻译语音风格列表为中文","uuid":"142b8fb1-270c-417e-92b0-b396ca408ae6","modified":1674869579359,"file_url":"https://greasyfork.org/scripts/458982-azure-speech-%E7%BF%BB%E8%AF%91%E8%AF%AD%E9%9F%B3%E9%A3%8E%E6%A0%BC%E5%88%97%E8%A1%A8%E4%B8%BA%E4%B8%AD%E6%96%87/code/Azure%20Speech%20%E7%BF%BB%E8%AF%91%E8%AF%AD%E9%9F%B3%E9%A3%8E%E6%A0%BC%E5%88%97%E8%A1%A8%E4%B8%BA%E4%B8%AD%E6%96%87.user.js"}}