{"options":{"check_for_updates":false,"comment":null,"compatopts_for_requires":true,"compat_wrappedjsobject":false,"compat_metadata":false,"compat_foreach":false,"compat_powerful_this":null,"sandbox":null,"noframes":null,"unwrap":null,"run_at":null,"tab_types":null,"override":{"use_includes":[],"orig_includes":[],"merge_includes":true,"use_matches":[],"orig_matches":["http://192.168.1.65/SubModule/Index.aspx"],"merge_matches":true,"use_excludes":[],"orig_excludes":[],"merge_excludes":true,"use_connects":[],"merge_connects":true,"use_blockers":[],"orig_run_at":"document-idle","orig_noframes":null,"orig_connects":[]}},"settings":{"enabled":true,"position":2},"meta":{"name":"NTKO办公OA免超时","uuid":"b2b38f34-ec78-4ffe-ace7-357c7c5476d3","modified":1673574372040,"file_url":"https://greasyfork.org/scripts/431983-ntko%E5%8A%9E%E5%85%ACoa%E5%85%8D%E8%B6%85%E6%97%B6/code/NTKO%E5%8A%9E%E5%85%ACOA%E5%85%8D%E8%B6%85%E6%97%B6.user.js"}}