{"options":{"check_for_updates":false,"comment":null,"compatopts_for_requires":true,"compat_wrappedjsobject":false,"compat_metadata":false,"compat_foreach":false,"compat_prototypes":false,"noframes":null,"run_at":null,"override":{"use_includes":[],"orig_includes":[],"merge_includes":true,"use_matches":[],"orig_matches":["http://192.168.1.65/SubModule/News/News*"],"merge_matches":true,"use_excludes":[],"orig_excludes":[],"merge_excludes":true,"use_connects":[],"merge_connects":true,"use_blockers":[],"orig_run_at":"document-idle","orig_noframes":null,"orig_connects":[]},"tab_types":null,"compat_powerful_this":null},"settings":{"enabled":true,"position":10},"meta":{"name":"NTKO办公OA控件全屏编辑框","uuid":"2ada9c00-3b88-4cc7-9cfe-9000528b9b17","modified":1640594111612,"file_url":"https://greasyfork.org/scripts/429337-ntko%E5%8A%9E%E5%85%ACoa%E6%8E%A7%E4%BB%B6%E5%85%A8%E5%B1%8F%E7%BC%96%E8%BE%91%E6%A1%86/code/NTKO%E5%8A%9E%E5%85%ACOA%E6%8E%A7%E4%BB%B6%E5%85%A8%E5%B1%8F%E7%BC%96%E8%BE%91%E6%A1%86.user.js"}}