{"options":{"check_for_updates":false,"comment":null,"compatopts_for_requires":true,"compat_wrappedjsobject":false,"compat_metadata":false,"compat_foreach":false,"compat_prototypes":false,"noframes":null,"run_at":null,"override":{"use_includes":[],"orig_includes":[],"merge_includes":true,"use_matches":[],"orig_matches":["http://192.168.1.65/Office/ReadOffice.aspx*","http://192.168.1.65/OFFICE/ReadOffice.aspx*","http://192.168.1.65/OFFICE/EditOffice.aspx*"],"merge_matches":true,"use_excludes":[],"orig_excludes":[],"merge_excludes":true,"use_connects":[],"merge_connects":true,"use_blockers":[],"orig_run_at":"document-idle","orig_noframes":null,"orig_connects":[]},"tab_types":null,"compat_powerful_this":null},"settings":{"enabled":true,"position":1},"meta":{"name":"NTKO办公OA控件文档转为下载本地","uuid":"61956656-e117-4a71-a712-1c144bf9cbac","modified":1644549315315,"file_url":"https://greasyfork.org/scripts/422566-ntko%E5%8A%9E%E5%85%ACoa%E6%8E%A7%E4%BB%B6%E6%96%87%E6%A1%A3%E8%BD%AC%E4%B8%BA%E4%B8%8B%E8%BD%BD%E6%9C%AC%E5%9C%B0/code/NTKO%E5%8A%9E%E5%85%ACOA%E6%8E%A7%E4%BB%B6%E6%96%87%E6%A1%A3%E8%BD%AC%E4%B8%BA%E4%B8%8B%E8%BD%BD%E6%9C%AC%E5%9C%B0.user.js"}}