{"options":{"check_for_updates":false,"comment":null,"compatopts_for_requires":true,"compat_wrappedjsobject":false,"compat_metadata":false,"compat_foreach":false,"compat_powerful_this":null,"sandbox":null,"noframes":null,"unwrap":null,"run_at":null,"tab_types":null,"override":{"use_includes":[],"orig_includes":[],"merge_includes":true,"use_matches":[],"orig_matches":["http://192.168.1.65/SubModule/News/NewsBackList.aspx?*"],"merge_matches":true,"use_excludes":[],"orig_excludes":[],"merge_excludes":true,"use_connects":[],"orig_connects":[],"merge_connects":true,"use_blockers":[],"orig_run_at":"document-idle","orig_noframes":null}},"settings":{"enabled":true,"position":20},"meta":{"name":"NTKO办公OA优化企业快讯管理页","uuid":"fca4fcb4-dcd3-4288-adf3-f9e0eb71ec47","modified":1675216014446,"file_url":"https://greasyfork.org/scripts/458459-ntko%E5%8A%9E%E5%85%ACoa%E4%BC%98%E5%8C%96%E4%BC%81%E4%B8%9A%E5%BF%AB%E8%AE%AF%E7%AE%A1%E7%90%86%E9%A1%B5/code/NTKO%E5%8A%9E%E5%85%ACOA%E4%BC%98%E5%8C%96%E4%BC%81%E4%B8%9A%E5%BF%AB%E8%AE%AF%E7%AE%A1%E7%90%86%E9%A1%B5.user.js"}}