{"options":{"check_for_updates":true,"comment":null,"compatopts_for_requires":true,"compat_wrappedjsobject":false,"compat_metadata":false,"compat_foreach":false,"compat_prototypes":false,"compat_powerful_this":null,"noframes":null,"unwrap":null,"run_at":null,"tab_types":null,"override":{"use_includes":[],"orig_includes":[],"merge_includes":true,"use_matches":[],"orig_matches":["https://blog.csdn.net/*"],"merge_matches":true,"use_excludes":[],"orig_excludes":[],"merge_excludes":true,"use_connects":[],"orig_connects":[],"merge_connects":true,"use_blockers":[],"orig_run_at":"document-idle","orig_noframes":null}},"settings":{"enabled":true,"position":14},"meta":{"name":"免关注查看CSDN文章","uuid":"7ede2954-42ac-43c1-889d-6dec47076e04","modified":1654862748430,"file_url":"https://greasyfork.org/scripts/446309-%E5%85%8D%E5%85%B3%E6%B3%A8%E6%9F%A5%E7%9C%8Bcsdn%E6%96%87%E7%AB%A0/code/%E5%85%8D%E5%85%B3%E6%B3%A8%E6%9F%A5%E7%9C%8BCSDN%E6%96%87%E7%AB%A0.user.js"}}