{"options":{"check_for_updates":false,"comment":null,"compatopts_for_requires":true,"compat_wrappedjsobject":false,"compat_metadata":false,"compat_foreach":false,"compat_prototypes":false,"noframes":null,"run_at":null,"override":{"use_includes":[],"orig_includes":[],"merge_includes":true,"use_matches":[],"orig_matches":["https://fj.dyejia.cn/partysso/login.html?*"],"merge_matches":true,"use_excludes":[],"orig_excludes":[],"merge_excludes":true,"use_connects":[],"merge_connects":true,"use_blockers":[],"orig_run_at":"document-idle","orig_noframes":null,"orig_connects":[]},"tab_types":null,"compat_powerful_this":null},"settings":{"enabled":true,"position":9},"meta":{"name":"党员E家平台优化","uuid":"f80f14fa-2965-4e57-aa0e-13abb594da94","modified":1631934643769,"file_url":"https://greasyfork.org/scripts/430718-%E5%85%9A%E5%91%98e%E5%AE%B6%E5%B9%B3%E5%8F%B0%E4%BC%98%E5%8C%96/code/%E5%85%9A%E5%91%98E%E5%AE%B6%E5%B9%B3%E5%8F%B0%E4%BC%98%E5%8C%96.user.js"}}