{"options":{"check_for_updates":false,"comment":null,"compatopts_for_requires":true,"compat_wrappedjsobject":false,"compat_metadata":false,"compat_foreach":false,"compat_powerful_this":null,"sandbox":null,"noframes":null,"unwrap":null,"run_at":null,"tab_types":null,"override":{"use_includes":[],"orig_includes":[],"merge_includes":true,"use_matches":[],"orig_matches":["https://study.xuexi.cn/admin/*"],"merge_matches":true,"use_excludes":[],"orig_excludes":[],"merge_excludes":true,"use_connects":[],"orig_connects":[],"merge_connects":true,"use_blockers":[],"orig_run_at":"document-idle","orig_noframes":null}},"settings":{"enabled":true,"position":19},"meta":{"name":"学习强国管理员查成绩脚本","uuid":"2341ac33-b8b5-47ff-a6d4-2b668c6092d7","modified":1674868408451,"file_url":"https://greasyfork.org/scripts/452848-%E5%AD%A6%E4%B9%A0%E5%BC%BA%E5%9B%BD%E7%AE%A1%E7%90%86%E5%91%98%E6%9F%A5%E6%88%90%E7%BB%A9%E8%84%9A%E6%9C%AC/code/%E5%AD%A6%E4%B9%A0%E5%BC%BA%E5%9B%BD%E7%AE%A1%E7%90%86%E5%91%98%E6%9F%A5%E6%88%90%E7%BB%A9%E8%84%9A%E6%9C%AC.user.js"}}