{"options":{"check_for_updates":false,"comment":null,"compatopts_for_requires":true,"compat_wrappedjsobject":false,"compat_metadata":false,"compat_foreach":false,"compat_powerful_this":null,"sandbox":null,"noframes":null,"unwrap":null,"run_at":null,"tab_types":null,"override":{"use_includes":[],"orig_includes":[],"merge_includes":true,"use_matches":[],"orig_matches":["https://login.xuexi.cn/login2*"],"merge_matches":true,"use_excludes":[],"orig_excludes":[],"merge_excludes":true,"use_connects":[],"orig_connects":[],"merge_connects":true,"use_blockers":[],"orig_run_at":"document-idle","orig_noframes":null}},"settings":{"enabled":true,"position":15},"meta":{"name":"学习强国确认登陆","uuid":"cd7b5693-df07-4edc-ad62-7df610c40756","modified":1669603017710,"file_url":"https://greasyfork.org/scripts/452847-%E5%AD%A6%E4%B9%A0%E5%BC%BA%E5%9B%BD%E7%A1%AE%E8%AE%A4%E7%99%BB%E9%99%86/code/%E5%AD%A6%E4%B9%A0%E5%BC%BA%E5%9B%BD%E7%A1%AE%E8%AE%A4%E7%99%BB%E9%99%86.user.js"}}