{"options":{"check_for_updates":false,"comment":null,"compatopts_for_requires":true,"compat_wrappedjsobject":false,"compat_metadata":false,"compat_foreach":false,"compat_prototypes":false,"compat_powerful_this":null,"noframes":null,"unwrap":null,"run_at":null,"tab_types":null,"override":{"use_includes":[],"orig_includes":["*://www.fjvs.org/app/opp/*","*://fj.zhiyuanyun.com/app/opp/*"],"merge_includes":true,"use_matches":[],"orig_matches":[],"merge_matches":true,"use_excludes":[],"orig_excludes":[],"merge_excludes":true,"use_connects":[],"merge_connects":true,"use_blockers":[],"orig_run_at":"document-idle","orig_noframes":null,"orig_connects":[]}},"settings":{"enabled":true,"position":5},"meta":{"name":"志愿云，日期自动填写脚本","uuid":"4b9c5091-5a74-4413-a9f8-a69f7f96bda9","modified":1652143654094,"file_url":"https://greasyfork.org/scripts/389392-%E5%BF%97%E6%84%BF%E4%BA%91-%E6%97%A5%E6%9C%9F%E8%87%AA%E5%8A%A8%E5%A1%AB%E5%86%99%E8%84%9A%E6%9C%AC/code/%E5%BF%97%E6%84%BF%E4%BA%91%EF%BC%8C%E6%97%A5%E6%9C%9F%E8%87%AA%E5%8A%A8%E5%A1%AB%E5%86%99%E8%84%9A%E6%9C%AC.user.js"}}