{"options":{"check_for_updates":false,"comment":null,"compatopts_for_requires":true,"compat_wrappedjsobject":false,"compat_metadata":false,"compat_foreach":false,"compat_prototypes":false,"noframes":null,"run_at":null,"override":{"use_includes":[],"orig_includes":[],"merge_includes":true,"use_matches":[],"orig_matches":["https://weibo.com/ttarticle/p/show?id=*"],"merge_matches":true,"use_excludes":[],"orig_excludes":[],"merge_excludes":true,"use_connects":[],"merge_connects":true,"use_blockers":[],"orig_run_at":"document-idle","orig_noframes":null,"orig_connects":[]},"tab_types":null,"compat_powerful_this":null},"settings":{"enabled":true,"position":6},"meta":{"name":"新浪微博展开全文","uuid":"e2c09e2a-52d9-47fc-92bd-66c03dd586e7","modified":1627436825911}}