{"options":{"check_for_updates":false,"comment":null,"compatopts_for_requires":true,"compat_wrappedjsobject":false,"compat_metadata":false,"compat_foreach":false,"compat_prototypes":false,"noframes":null,"run_at":null,"override":{"use_includes":[],"orig_includes":[],"merge_includes":true,"use_matches":[],"orig_matches":["https://fj.dyejia.cn/pamsso/selPam.jsp"],"merge_matches":true,"use_excludes":[],"orig_excludes":[],"merge_excludes":true,"use_connects":[],"merge_connects":true,"use_blockers":[],"orig_run_at":"document-idle","orig_noframes":null,"orig_connects":[]},"tab_types":null,"compat_powerful_this":null},"settings":{"enabled":true,"position":8},"meta":{"name":"福建省党务管理信息系统优化选择","uuid":"b8e2dcd0-b46a-410d-9e30-58f0b369c336","modified":1636609188159}}