{"options":{"check_for_updates":true,"comment":null,"compatopts_for_requires":true,"compat_wrappedjsobject":false,"compat_metadata":false,"compat_foreach":false,"compat_powerful_this":null,"sandbox":null,"noframes":null,"unwrap":null,"run_at":null,"tab_types":null,"override":{"use_includes":[],"orig_includes":[],"merge_includes":true,"use_matches":[],"orig_matches":["*://*/*"],"merge_matches":true,"use_excludes":[],"orig_excludes":[],"merge_excludes":true,"use_connects":[],"orig_connects":[],"merge_connects":true,"use_blockers":[],"orig_run_at":"document-start","orig_noframes":null}},"settings":{"enabled":false,"position":18},"meta":{"name":"黑白首页，灰白首页，黑色首页去除(Remove gray | Remove filter)","uuid":"f4f9937c-5fff-4a62-9a37-270470ba9f66","modified":1670114153476,"file_url":"https://greasyfork.org/scripts/455710-%E9%BB%91%E7%99%BD%E9%A6%96%E9%A1%B5-%E7%81%B0%E7%99%BD%E9%A6%96%E9%A1%B5-%E9%BB%91%E8%89%B2%E9%A6%96%E9%A1%B5%E5%8E%BB%E9%99%A4-remove-gray-remove-filter/code/%E9%BB%91%E7%99%BD%E9%A6%96%E9%A1%B5%EF%BC%8C%E7%81%B0%E7%99%BD%E9%A6%96%E9%A1%B5%EF%BC%8C%E9%BB%91%E8%89%B2%E9%A6%96%E9%A1%B5%E5%8E%BB%E9%99%A4(Remove%20gray%20%7C%20Remove%20filter).user.js"}}